Company Name,Full Address,Phone No,Company Website,Google Map Url,Links
Exotic Snack Guys,"2521 N Lincoln Ave, Chicago, IL 60614",(773) 904-7479 ,exoticsnackguys.com ,"https://www.google.com/maps/place/Exotic+Snack+Guys/@42.4058452,-89.2381668,9z/data=!4m10!1m2!2m1!1sexotic+snack+guys!3m6!1s0x880fd3de689ac9af:0x2428361d7f3afc55!8m2!3d41.9277248!4d-87.6517083!15sChFleG90aWMgc25hY2sgZ3V5c1oTIhFleG90aWMgc25hY2sgZ3V5c5IBEWNvbnZlbmllbmNlX3N0b3Jl4AEA!16s%2Fg%2F11kk64jq8q?entry=ttu",
Exotic Snack Guys,"2305 N Milwaukee Ave, Chicago, IL 60647",(773) 614-7232 ,exoticsnackguysonline.com ,"https://www.google.com/maps/place/Exotic+Snack+Guys/@42.4058452,-89.2381668,9z/data=!4m10!1m2!2m1!1sexotic+snack+guys!3m6!1s0x880fcd8c558a59f1:0xaeca2dfa35cfb0d8!8m2!3d41.9232756!4d-87.697599!15sChFleG90aWMgc25hY2sgZ3V5c1oTIhFleG90aWMgc25hY2sgZ3V5c5IBEWNvbnZlbmllbmNlX3N0b3Jl4AEA!16s%2Fg%2F11l64tk9qr?entry=ttu",
Exotic Snack Guys,"66 W Towne Mall Unit B-01, Madison, WI 53719",(608) 820-1110 ,exoticsnackguys.com ,"https://www.google.com/maps/place/Exotic+Snack+Guys/@42.4058452,-89.2381668,9z/data=!4m10!1m2!2m1!1sexotic+snack+guys!3m6!1s0x8807af696e7fec09:0xc0199c1b2c7da015!8m2!3d43.0571737!4d-89.505857!15sChFleG90aWMgc25hY2sgZ3V5c1oTIhFleG90aWMgc25hY2sgZ3V5c5IBEWNvbnZlbmllbmNlX3N0b3Jl4AEA!16s%2Fg%2F11vxjdr6h0?entry=ttu",
Exotic Snack Guys,"195 Fox Valley Center Dr Unit c16, Aurora, IL 60504",(773) 614-7232 ,exoticsnackguysonline.com ,"https://www.google.com/maps/place/Exotic+Snack+Guys/@41.7582955,-89.4318184,9z/data=!3m1!5s0x880ef9ce75ac321f:0x7edf0a3a50d2c9fc!4m10!1m2!2m1!1sexotic+snack+guys!3m6!1s0x880ef9437826dc55:0xf74348fd179c3cc!8m2!3d41.7582955!4d-88.212336!15sChFleG90aWMgc25hY2sgZ3V5c5IBEWNvbnZlbmllbmNlX3N0b3Jl4AEA!16s%2Fg%2F11vyhkk2z0?entry=ttu",
Exotic Snack Guys,"5300 S 76th St Ste. 1700, Greendale, WI 53129",(414) 235-3503 ,exoticsnackguys.com ,"https://www.google.com/maps/place/Exotic+Snack+Guys/@42.9483773,-89.2236827,9z/data=!3m1!5s0x880511dc86941103:0xfee05e2aab8c46a0!4m10!1m2!2m1!1sexotic+snack+guys!3m6!1s0x8805114ced4789c9:0x7d1d9b9dbd785366!8m2!3d42.9483773!4d-88.0042003!15sChFleG90aWMgc25hY2sgZ3V5c1oTIhFleG90aWMgc25hY2sgZ3V5c5IBEWNvbnZlbmllbmNlX3N0b3Jl4AEA!16s%2Fg%2F11y2t3kzxz?entry=ttu",
Exotic Snack Guys,"122 Hawthorn Ctr #120, Vernon Hills, IL 60061",Not found,exoticsnackguys.com ,"https://www.google.com/maps/place/Exotic+Snack+Guys/@42.9483773,-89.2236827,9z/data=!3m1!5s0x880f966964f9863d:0x7edf0a3a1c3cd42c!4m10!1m2!2m1!1sexotic+snack+guys!3m6!1s0x880f9734e3a4b7c9:0x1252746fd1dc306!8m2!3d42.2429479!4d-87.9503694!15sChFleG90aWMgc25hY2sgZ3V5c1oTIhFleG90aWMgc25hY2sgZ3V5c5IBEWNvbnZlbmllbmNlX3N0b3Jl4AEA!16s%2Fg%2F11vr4zgm1m?entry=ttu",
Exotic Snack Guys,"66 W Towne Mall Unit B-01, Madison, WI 53719",(608) 820-1110 ,exoticsnackguys.com ,"https://www.google.com/maps/place/Exotic+Snack+Guys/@43.0571737,-90.7253394,9z/data=!4m10!1m2!2m1!1sorder+exotic+snacks!3m6!1s0x8807af696e7fec09:0xc0199c1b2c7da015!8m2!3d43.0571737!4d-89.505857!15sChNvcmRlciBleG90aWMgc25hY2tzIgO4AQFaCCIGc25hY2tzkgERY29udmVuaWVuY2Vfc3RvcmXgAQA!16s%2Fg%2F11vxjdr6h0?entry=ttu",
Exotic Snack Guys,"2521 N Lincoln Ave, Chicago, IL 60614",(773) 904-7479 ,exoticsnackguys.com ,"https://www.google.com/maps/place/Exotic+Snack+Guys/@42.6207884,-89.0581026,9z/data=!4m10!1m2!2m1!1sexotic+snacks!3m6!1s0x880fd3de689ac9af:0x2428361d7f3afc55!8m2!3d41.9277248!4d-87.6517083!15sCg1leG90aWMgc25hY2tzWg8iDWV4b3RpYyBzbmFja3OSARFjb252ZW5pZW5jZV9zdG9yZZoBI0NoWkRTVWhOTUc5blMwVkpRMEZuU1VOS2EwOHpkRXRSRUFF4AEA!16s%2Fg%2F11kk64jq8q?entry=ttu",
Exotic Snack Guys,"5300 S 76th St Ste. 1700, Greendale, WI 53129",(414) 235-3503 ,exoticsnackguys.com ,"https://www.google.com/maps/place/Exotic+Snack+Guys/@42.6207884,-89.0581026,9z/data=!3m1!5s0x880511dc86941103:0xfee05e2aab8c46a0!4m10!1m2!2m1!1sexotic+snacks!3m6!1s0x8805114ced4789c9:0x7d1d9b9dbd785366!8m2!3d42.9483773!4d-88.0042003!15sCg1leG90aWMgc25hY2tzWg8iDWV4b3RpYyBzbmFja3OSARFjb252ZW5pZW5jZV9zdG9yZZoBI0NoWkRTVWhOTUc5blMwVkpRMEZuU1VNNWNVOTViRTVSRUFF4AEA!16s%2Fg%2F11y2t3kzxz?entry=ttu",
Exotic Snack City - Exotic Snacks & Drinks in Milwaukee,"4969 S 27th St Suite 2, Greenfield, WI 53221",Not found,exoticsnackcity.com ,"https://www.google.com/maps/place/Exotic+Snack+City+-+Exotic+Snacks+%26+Drinks+in+Milwaukee/@42.6207884,-89.0581026,9z/data=!4m10!1m2!2m1!1sexotic+snacks!3m6!1s0x880511138d9b4c93:0xca1767068542b18d!8m2!3d42.9543851!4d-87.9495054!15sCg1leG90aWMgc25hY2tzWg8iDWV4b3RpYyBzbmFja3OSAQVzdG9yZZoBI0NoWkRTVWhOTUc5blMwVkpRMEZuU1VNMVgzSjFRbFJSRUFF4AEA!16s%2Fg%2F11st2d7m02?entry=ttu",
Exotic Snacks R Us,"7330 W Lawrence Ave, Harwood Heights, IL 60706",Not found,exoticsnacksrus.com ,"https://www.google.com/maps/place/Exotic+Snacks+R+Us/@42.6207884,-89.0581026,9z/data=!4m10!1m2!2m1!1sexotic+snacks!3m6!1s0x880fcbf808afb10d:0x54e49659230783bb!8m2!3d41.967503!4d-87.811169!15sCg1leG90aWMgc25hY2tzWg8iDWV4b3RpYyBzbmFja3OSARFjb252ZW5pZW5jZV9zdG9yZZoBI0NoWkRTVWhOTUc5blMwVkpRMEZuU1VSYWVuVnROVUZSRUFF4AEA!16s%2Fg%2F11v5fncytv?entry=ttu",
Exotic Snacks R us,"1085 E Golf Rd, Arlington Heights, IL 60005",(847) 258-5660 ,exoticsnacksrus.com ,"https://www.google.com/maps/place/Exotic+Snacks+R+us/@42.6207884,-89.0581026,9z/data=!4m10!1m2!2m1!1sexotic+snacks!3m6!1s0x880fb1894891204d:0xdfcb5c4daace25cd!8m2!3d42.0497922!4d-87.9699411!15sCg1leG90aWMgc25hY2tzWg8iDWV4b3RpYyBzbmFja3OSARFjb252ZW5pZW5jZV9zdG9yZZoBI0NoWkRTVWhOTUc5blMwVkpRMEZuU1VONGRuVkVhbU5uRUFF4AEA!16s%2Fg%2F11tt97mgsf?entry=ttu",
Exotic Snacks MKE,"2334 N Farwell Ave, Milwaukee, WI 53211",(414) 210-2336 ,exoticsnacksmke.com ,"https://www.google.com/maps/place/Exotic+Snacks+MKE/@42.6207884,-89.0581026,9z/data=!4m10!1m2!2m1!1sexotic+snacks!3m6!1s0x8805195f1ab1a8bd:0x42a69d666430f6e5!8m2!3d43.0606653!4d-87.8842798!15sCg1leG90aWMgc25hY2tzWg8iDWV4b3RpYyBzbmFja3OSAQ1ncm9jZXJ5X3N0b3Jl4AEA!16s%2Fg%2F11kqxnv642?entry=ttu",
Exotic Snack Guys,"2305 N Milwaukee Ave, Chicago, IL 60647",(773) 614-7232 ,exoticsnackguysonline.com ,"https://www.google.com/maps/place/Exotic+Snack+Guys/@42.6207884,-89.0581026,9z/data=!4m10!1m2!2m1!1sexotic+snacks!3m6!1s0x880fcd8c558a59f1:0xaeca2dfa35cfb0d8!8m2!3d41.9232756!4d-87.697599!15sCg1leG90aWMgc25hY2tzWg8iDWV4b3RpYyBzbmFja3OSARFjb252ZW5pZW5jZV9zdG9yZZoBI0NoWkRTVWhOTUc5blMwVkpRMEZuU1VOVU1YTmhjMkZuRUFF4AEA!16s%2Fg%2F11l64tk9qr?entry=ttu",
Exotic Snacks R us,"1085 E Golf Rd, Arlington Heights, IL 60005",(847) 258-5660 ,exoticsnacksrus.com ,"https://www.google.com/maps/place/Exotic+Snacks+R+us/@42.0497922,-88.0461588,13z/data=!4m10!1m2!2m1!1sexotic+snacks+global!3m6!1s0x880fb1894891204d:0xdfcb5c4daace25cd!8m2!3d42.0497922!4d-87.9699411!15sChRleG90aWMgc25hY2tzIGdsb2JhbFoWIhRleG90aWMgc25hY2tzIGdsb2JhbJIBEWNvbnZlbmllbmNlX3N0b3JlmgEjQ2haRFNVaE5NRzluUzBWSlEwRm5TVVJvTFMwM1ZVZG5FQUXgAQA!16s%2Fg%2F11tt97mgsf?entry=ttu",
Exotic Snacks MKE,"2334 N Farwell Ave, Milwaukee, WI 53211",(414) 210-2336 ,exoticsnacksmke.com ,"https://www.google.com/maps/place/Exotic+Snacks+MKE/@43.0606653,-87.9604975,13z/data=!4m10!1m2!2m1!1sexotic+snacks+global!3m6!1s0x8805195f1ab1a8bd:0x42a69d666430f6e5!8m2!3d43.0606653!4d-87.8842798!15sChRleG90aWMgc25hY2tzIGdsb2JhbFoWIhRleG90aWMgc25hY2tzIGdsb2JhbJIBDWdyb2Nlcnlfc3RvcmXgAQA!16s%2Fg%2F11kqxnv642?entry=ttu",
Exotic Snack Guys,"5300 S 76th St Ste. 1700, Greendale, WI 53129",(414) 235-3503 ,exoticsnackguys.com ,"https://www.google.com/maps/place/Exotic+Snack+Guys/@42.9601277,-88.084115,13z/data=!3m1!5s0x880511dc86941103:0xfee05e2aab8c46a0!4m10!1m2!2m1!1sexotic+snacks+global!3m6!1s0x8805114ced4789c9:0x7d1d9b9dbd785366!8m2!3d42.9483773!4d-88.0042003!15sChRleG90aWMgc25hY2tzIGdsb2JhbFoWIhRleG90aWMgc25hY2tzIGdsb2JhbJIBEWNvbnZlbmllbmNlX3N0b3JlmgEjQ2haRFNVaE5NRzluUzBWSlEwRm5TVU01Y1U5NWJFNVJFQUXgAQA!16s%2Fg%2F11y2t3kzxz?entry=ttu",
Exotic Snack City - Exotic Snacks & Drinks in Milwaukee,"4969 S 27th St Suite 2, Greenfield, WI 53221",Not found,exoticsnackcity.com ,"https://www.google.com/maps/place/Exotic+Snack+City+-+Exotic+Snacks+%26+Drinks+in+Milwaukee/@42.9543851,-88.0257231,13z/data=!4m10!1m2!2m1!1sexotic+snacks+global!3m6!1s0x880511138d9b4c93:0xca1767068542b18d!8m2!3d42.9543851!4d-87.9495054!15sChRleG90aWMgc25hY2tzIGdsb2JhbFoWIhRleG90aWMgc25hY2tzIGdsb2JhbJIBBXN0b3JlmgEkQ2hkRFNVaE5NRzluUzBWSlEwRm5TVVJhZDBwZmMzQlJSUkFC4AEA!16s%2Fg%2F11st2d7m02?entry=ttu",
Exotic Snack City - Exotic Snacks & Drinks in Milwaukee,"4969 S 27th St Suite 2, Greenfield, WI 53221",Not found,exoticsnackcity.com ,"https://www.google.com/maps/place/Exotic+Snack+City+-+Exotic+Snacks+%26+Drinks+in+Milwaukee/@42.9543851,-88.254376,11z/data=!4m10!1m2!2m1!1sbrookwood+exotic+snacks!3m6!1s0x880511138d9b4c93:0xca1767068542b18d!8m2!3d42.9543851!4d-87.9495054!15sChdicm9va3dvb2QgZXhvdGljIHNuYWNrc1oZIhdicm9va3dvb2QgZXhvdGljIHNuYWNrc5IBBXN0b3Jl4AEA!16s%2Fg%2F11st2d7m02?entry=ttu",
Exotic Snacks MKE,"2334 N Farwell Ave, Milwaukee, WI 53211",(414) 210-2336 ,exoticsnacksmke.com ,"https://www.google.com/maps/place/Exotic+Snacks+MKE/@42.9543851,-88.254376,11z/data=!4m10!1m2!2m1!1sbrookwood+exotic+snacks!3m6!1s0x8805195f1ab1a8bd:0x42a69d666430f6e5!8m2!3d43.0606653!4d-87.8842798!15sChdicm9va3dvb2QgZXhvdGljIHNuYWNrc1oZIhdicm9va3dvb2QgZXhvdGljIHNuYWNrc5IBDWdyb2Nlcnlfc3RvcmXgAQA!16s%2Fg%2F11kqxnv642?entry=ttu",
Exotic Snack City - Exotic Snacks & Drinks in Milwaukee,"4969 S 27th St Suite 2, Greenfield, WI 53221",Not found,exoticsnackcity.com ,"https://www.google.com/maps/place/Exotic+Snack+City+-+Exotic+Snacks+%26+Drinks+in+Milwaukee/@42.9541487,-88.2543767,11z/data=!4m10!1m2!2m1!1shalf+blazed+exotic+snacks!3m6!1s0x880511138d9b4c93:0xca1767068542b18d!8m2!3d42.9543851!4d-87.9495054!15sChloYWxmIGJsYXplZCBleG90aWMgc25hY2tzWhsiGWhhbGYgYmxhemVkIGV4b3RpYyBzbmFja3OSAQVzdG9yZZoBI0NoWkRTVWhOTUc5blMwVkpRMEZuU1VSd2RFdHVOVlpSRUFF4AEA!16s%2Fg%2F11st2d7m02?entry=ttu",
Exotic Snacks MKE,"2334 N Farwell Ave, Milwaukee, WI 53211",(414) 210-2336 ,exoticsnacksmke.com ,"https://www.google.com/maps/place/Exotic+Snacks+MKE/@43.0606653,-88.1891504,11z/data=!4m10!1m2!2m1!1shalf+blazed+exotic+snacks!3m6!1s0x8805195f1ab1a8bd:0x42a69d666430f6e5!8m2!3d43.0606653!4d-87.8842798!15sChloYWxmIGJsYXplZCBleG90aWMgc25hY2tzWhsiGWhhbGYgYmxhemVkIGV4b3RpYyBzbmFja3OSAQ1ncm9jZXJ5X3N0b3Jl4AEA!16s%2Fg%2F11kqxnv642?entry=ttu",
Exotic Snack Guys,"2521 N Lincoln Ave, Chicago, IL 60614",(773) 904-7479 ,exoticsnackguys.com ,"https://www.google.com/maps/place/Exotic+Snack+Guys/@41.9277248,-87.9565789,11z/data=!4m10!1m2!2m1!1shalf+blazed+exotic+snacks!3m6!1s0x880fd3de689ac9af:0x2428361d7f3afc55!8m2!3d41.9277248!4d-87.6517083!15sChloYWxmIGJsYXplZCBleG90aWMgc25hY2tzWhsiGWhhbGYgYmxhemVkIGV4b3RpYyBzbmFja3OSARFjb252ZW5pZW5jZV9zdG9yZZoBI0NoWkRTVWhOTUc5blMwVkpRMEZuU1VOS2EwOHpkRXRSRUFF4AEA!16s%2Fg%2F11kk64jq8q?entry=ttu",
Exotic Snacks R us,"1085 E Golf Rd, Arlington Heights, IL 60005",(847) 258-5660 ,exoticsnacksrus.com ,"https://www.google.com/maps/place/Exotic+Snacks+R+us/@42.0497922,-88.2748117,11z/data=!4m10!1m2!2m1!1shalf+blazed+exotic+snacks!3m6!1s0x880fb1894891204d:0xdfcb5c4daace25cd!8m2!3d42.0497922!4d-87.9699411!15sChloYWxmIGJsYXplZCBleG90aWMgc25hY2tzWhsiGWhhbGYgYmxhemVkIGV4b3RpYyBzbmFja3OSARFjb252ZW5pZW5jZV9zdG9yZZoBJENoZERTVWhOTUc5blMwVkpRMEZuU1VONE0wODNNbTEzUlJBQuABAA!16s%2Fg%2F11tt97mgsf?entry=ttu",
Exotic Snack Guys,"2305 N Milwaukee Ave, Chicago, IL 60647",(773) 614-7232 ,exoticsnackguysonline.com ,"https://www.google.com/maps/place/Exotic+Snack+Guys/@41.9232756,-88.0024696,11z/data=!4m10!1m2!2m1!1shalf+blazed+exotic+snacks!3m6!1s0x880fcd8c558a59f1:0xaeca2dfa35cfb0d8!8m2!3d41.9232756!4d-87.697599!15sChloYWxmIGJsYXplZCBleG90aWMgc25hY2tzWhsiGWhhbGYgYmxhemVkIGV4b3RpYyBzbmFja3OSARFjb252ZW5pZW5jZV9zdG9yZZoBI0NoWkRTVWhOTUc5blMwVkpRMEZuU1VOVU1YTmhjMkZuRUFF4AEA!16s%2Fg%2F11l64tk9qr?entry=ttu",
Exotic Snack Guys,"5300 S 76th St Ste. 1700, Greendale, WI 53129",(414) 235-3503 ,exoticsnackguys.com ,"https://www.google.com/maps/place/Exotic+Snack+Guys/@42.9483773,-88.080418,13z/data=!3m1!5s0x880511dc86941103:0xfee05e2aab8c46a0!4m10!1m2!2m1!1sorder+exotic+snacks!3m6!1s0x8805114ced4789c9:0x7d1d9b9dbd785366!8m2!3d42.9483773!4d-88.0042003!15sChNvcmRlciBleG90aWMgc25hY2tzIgO4AQFaCCIGc25hY2tzkgERY29udmVuaWVuY2Vfc3RvcmXgAQA!16s%2Fg%2F11y2t3kzxz?entry=ttu",
Exotic Snacks MKE,"2334 N Farwell Ave, Milwaukee, WI 53211",(414) 210-2336 ,exoticsnacksmke.com ,"https://www.google.com/maps/place/Exotic+Snacks+MKE/@43.0606653,-87.9604975,13z/data=!4m10!1m2!2m1!1sorder+exotic+snacks!3m6!1s0x8805195f1ab1a8bd:0x42a69d666430f6e5!8m2!3d43.0606653!4d-87.8842798!15sChNvcmRlciBleG90aWMgc25hY2tzIgO4AQFaCCIGc25hY2tzkgENZ3JvY2VyeV9zdG9yZeABAA!16s%2Fg%2F11kqxnv642?entry=ttu",
Exotic Snack Guys,"5300 S 76th St Ste. 1700, Greendale, WI 53129",(414) 235-3503 ,exoticsnackguys.com ,"https://www.google.com/maps/place/Exotic+Snack+Guys/@42.9476931,-88.2103253,11z/data=!3m1!5s0x880511dc86941103:0xfee05e2aab8c46a0!4m10!1m2!2m1!1snew+exotic+snacks+rus!3m6!1s0x8805114ced4789c9:0x7d1d9b9dbd785366!8m2!3d42.9483773!4d-88.0042003!15sChVuZXcgZXhvdGljIHNuYWNrcyBydXNaFyIVbmV3IGV4b3RpYyBzbmFja3MgcnVzkgERY29udmVuaWVuY2Vfc3RvcmXgAQA!16s%2Fg%2F11y2t3kzxz?entry=ttu",
Exotic Snacks R us,"1085 E Golf Rd, Arlington Heights, IL 60005",(847) 258-5660 ,exoticsnacksrus.com ,"https://www.google.com/maps/place/Exotic+Snacks+R+us/@42.0497922,-88.2748117,11z/data=!4m10!1m2!2m1!1snew+exotic+snacks+rus!3m6!1s0x880fb1894891204d:0xdfcb5c4daace25cd!8m2!3d42.0497922!4d-87.9699411!15sChVuZXcgZXhvdGljIHNuYWNrcyBydXOSARFjb252ZW5pZW5jZV9zdG9yZeABAA!16s%2Fg%2F11tt97mgsf?entry=ttu",
Exotic Snacks R Us,"7330 W Lawrence Ave, Harwood Heights, IL 60706",Not found,exoticsnacksrus.com ,"https://www.google.com/maps/place/Exotic+Snacks+R+Us/@42.0497922,-88.2748117,11z/data=!4m10!1m2!2m1!1snew+exotic+snacks+rus!3m6!1s0x880fcbf808afb10d:0x54e49659230783bb!8m2!3d41.967503!4d-87.811169!15sChVuZXcgZXhvdGljIHNuYWNrcyBydXNaFyIVbmV3IGV4b3RpYyBzbmFja3MgcnVzkgERY29udmVuaWVuY2Vfc3RvcmWaASRDaGREU1VoTk1HOW5TMFZKUTBGblNVTnFNMDkyVkhsblJSQULgAQA!16s%2Fg%2F11v5fncytv?entry=ttu",
Exotic Snacks MKE,"2334 N Farwell Ave, Milwaukee, WI 53211",(414) 210-2336 ,exoticsnacksmke.com ,"https://www.google.com/maps/place/Exotic+Snacks+MKE/@43.0606653,-88.1891504,11z/data=!4m10!1m2!2m1!1snew+exotic+snacks+rus!3m6!1s0x8805195f1ab1a8bd:0x42a69d666430f6e5!8m2!3d43.0606653!4d-87.8842798!15sChVuZXcgZXhvdGljIHNuYWNrcyBydXNaFyIVbmV3IGV4b3RpYyBzbmFja3MgcnVzkgENZ3JvY2VyeV9zdG9yZeABAA!16s%2Fg%2F11kqxnv642?entry=ttu",
Exotic Snack City - Exotic Snacks & Drinks in Milwaukee,"4969 S 27th St Suite 2, Greenfield, WI 53221",Not found,exoticsnackcity.com ,"https://www.google.com/maps/place/Exotic+Snack+City+-+Exotic+Snacks+%26+Drinks+in+Milwaukee/@43.0606653,-88.1891504,11z/data=!4m10!1m2!2m1!1snew+exotic+snacks+rus!3m6!1s0x880511138d9b4c93:0xca1767068542b18d!8m2!3d42.9543851!4d-87.9495054!15sChVuZXcgZXhvdGljIHNuYWNrcyBydXNaFyIVbmV3IGV4b3RpYyBzbmFja3MgcnVzkgEFc3RvcmXgAQA!16s%2Fg%2F11st2d7m02?entry=ttu",
Exotic Snack Guys,"2521 N Lincoln Ave, Chicago, IL 60614",(773) 904-7479 ,exoticsnackguys.com ,"https://www.google.com/maps/place/Exotic+Snack+Guys/@41.9277248,-87.9565789,11z/data=!4m10!1m2!2m1!1stj+exotic+snacks!3m6!1s0x880fd3de689ac9af:0x2428361d7f3afc55!8m2!3d41.9277248!4d-87.6517083!15sChB0aiBleG90aWMgc25hY2tzWhIiEHRqIGV4b3RpYyBzbmFja3OSARFjb252ZW5pZW5jZV9zdG9yZZoBI0NoWkRTVWhOTUc5blMwVkpRMEZuU1VOS2EwOHpkRXRSRUFF4AEA!16s%2Fg%2F11kk64jq8q?entry=ttu",
Exotic Snacks MKE,"2334 N Farwell Ave, Milwaukee, WI 53211",(414) 210-2336 ,exoticsnacksmke.com ,"https://www.google.com/maps/place/Exotic+Snacks+MKE/@43.0890611,-88.3867407,11z/data=!4m10!1m2!2m1!1stj+exotic+snacks!3m6!1s0x8805195f1ab1a8bd:0x42a69d666430f6e5!8m2!3d43.0606653!4d-87.8842798!15sChB0aiBleG90aWMgc25hY2tzWhIiEHRqIGV4b3RpYyBzbmFja3OSAQ1ncm9jZXJ5X3N0b3Jl4AEA!16s%2Fg%2F11kqxnv642?entry=ttu",
Exotic Snack Guys,"5300 S 76th St Ste. 1700, Greendale, WI 53129",(414) 235-3503 ,exoticsnackguys.com ,"https://www.google.com/maps/place/Exotic+Snack+Guys/@43.0890611,-88.3867407,11z/data=!3m1!5s0x880511dc86941103:0xfee05e2aab8c46a0!4m10!1m2!2m1!1stj+exotic+snacks!3m6!1s0x8805114ced4789c9:0x7d1d9b9dbd785366!8m2!3d42.9483773!4d-88.0042003!15sChB0aiBleG90aWMgc25hY2tzWhIiEHRqIGV4b3RpYyBzbmFja3OSARFjb252ZW5pZW5jZV9zdG9yZZoBI0NoWkRTVWhOTUc5blMwVkpRMEZuU1VNNWNVOTViRTVSRUFF4AEA!16s%2Fg%2F11y2t3kzxz?entry=ttu",
Exotic Snack Guys,"2305 N Milwaukee Ave, Chicago, IL 60647",(773) 614-7232 ,exoticsnackguysonline.com ,"https://www.google.com/maps/place/Exotic+Snack+Guys/@41.9232756,-88.0024696,11z/data=!4m10!1m2!2m1!1stj+exotic+snacks!3m6!1s0x880fcd8c558a59f1:0xaeca2dfa35cfb0d8!8m2!3d41.9232756!4d-87.697599!15sChB0aiBleG90aWMgc25hY2tzWhIiEHRqIGV4b3RpYyBzbmFja3OSARFjb252ZW5pZW5jZV9zdG9yZZoBI0NoWkRTVWhOTUc5blMwVkpRMEZuU1VOVU1YTmhjMkZuRUFF4AEA!16s%2Fg%2F11l64tk9qr?entry=ttu",
Exotic Snack City - Exotic Snacks & Drinks in Milwaukee,"4969 S 27th St Suite 2, Greenfield, WI 53221",Not found,exoticsnackcity.com ,"https://www.google.com/maps/place/Exotic+Snack+City+-+Exotic+Snacks+%26+Drinks+in+Milwaukee/@43.0578914,-88.2723669,11z/data=!4m10!1m2!2m1!1stj+exotic+snacks!3m6!1s0x880511138d9b4c93:0xca1767068542b18d!8m2!3d42.9543851!4d-87.9495054!15sChB0aiBleG90aWMgc25hY2tzWhIiEHRqIGV4b3RpYyBzbmFja3OSAQVzdG9yZZoBI0NoWkRTVWhOTUc5blMwVkpRMEZuU1VSd2RFdHVOVlpSRUFF4AEA!16s%2Fg%2F11st2d7m02?entry=ttu",
Exotic Snacks MKE,"2334 N Farwell Ave, Milwaukee, WI 53211",(414) 210-2336 ,exoticsnacksmke.com ,"https://www.google.com/maps/place/Exotic+Snacks+MKE/@43.0576549,-88.2723676,11z/data=!4m10!1m2!2m1!1sexotic+snacks!3m6!1s0x8805195f1ab1a8bd:0x42a69d666430f6e5!8m2!3d43.0606653!4d-87.8842798!15sCg1leG90aWMgc25hY2tzWg8iDWV4b3RpYyBzbmFja3OSAQ1ncm9jZXJ5X3N0b3Jl4AEA!16s%2Fg%2F11kqxnv642?entry=ttu",
Exotic Snack City - Exotic Snacks & Drinks in Milwaukee,"4969 S 27th St Suite 2, Greenfield, WI 53221",Not found,exoticsnackcity.com ,"https://www.google.com/maps/place/Exotic+Snack+City+-+Exotic+Snacks+%26+Drinks+in+Milwaukee/@43.0578914,-88.2723669,11z/data=!4m10!1m2!2m1!1sexotic+snacks!3m6!1s0x880511138d9b4c93:0xca1767068542b18d!8m2!3d42.9543851!4d-87.9495054!15sCg1leG90aWMgc25hY2tzWg8iDWV4b3RpYyBzbmFja3OSAQVzdG9yZZoBI0NoWkRTVWhOTUc5blMwVkpRMEZuU1VNMVgzSjFRbFJSRUFF4AEA!16s%2Fg%2F11st2d7m02?entry=ttu",
Exotic Snack Guys,"5300 S 76th St Ste. 1700, Greendale, WI 53129",(414) 235-3503 ,exoticsnackguys.com ,"https://www.google.com/maps/place/Exotic+Snack+Guys/@43.0578914,-88.2723669,11z/data=!3m1!5s0x880511dc86941103:0xfee05e2aab8c46a0!4m10!1m2!2m1!1sexotic+snacks!3m6!1s0x8805114ced4789c9:0x7d1d9b9dbd785366!8m2!3d42.9483773!4d-88.0042003!15sCg1leG90aWMgc25hY2tzWg8iDWV4b3RpYyBzbmFja3OSARFjb252ZW5pZW5jZV9zdG9yZZoBI0NoWkRTVWhOTUc5blMwVkpRMEZuU1VNNWNVOTViRTVSRUFF4AEA!16s%2Fg%2F11y2t3kzxz?entry=ttu",
Exotic Snack Guys,"2305 N Milwaukee Ave, Chicago, IL 60647",(773) 614-7232 ,exoticsnackguysonline.com ,"https://www.google.com/maps/place/Exotic+Snack+Guys/@41.9232756,-88.0024696,11z/data=!4m10!1m2!2m1!1sexotic+snacks+sd!3m6!1s0x880fcd8c558a59f1:0xaeca2dfa35cfb0d8!8m2!3d41.9232756!4d-87.697599!15sChBleG90aWMgc25hY2tzIHNkWhIiEGV4b3RpYyBzbmFja3Mgc2SSARFjb252ZW5pZW5jZV9zdG9yZeABAA!16s%2Fg%2F11l64tk9qr?entry=ttu",
Exotic Snack Guys,"2521 N Lincoln Ave, Chicago, IL 60614",(773) 904-7479 ,exoticsnackguys.com ,"https://www.google.com/maps/place/Exotic+Snack+Guys/@41.9277248,-87.9565789,11z/data=!4m10!1m2!2m1!1sexotic+snacks+sd!3m6!1s0x880fd3de689ac9af:0x2428361d7f3afc55!8m2!3d41.9277248!4d-87.6517083!15sChBleG90aWMgc25hY2tzIHNkWhIiEGV4b3RpYyBzbmFja3Mgc2SSARFjb252ZW5pZW5jZV9zdG9yZeABAA!16s%2Fg%2F11kk64jq8q?entry=ttu",
Exotic Snack Guys,"195 Fox Valley Center Dr Unit c16, Aurora, IL 60504",(773) 614-7232 ,exoticsnackguysonline.com ,"https://www.google.com/maps/place/Exotic+Snack+Guys/@41.7582955,-88.5172066,11z/data=!3m1!5s0x880ef9ce75ac321f:0x7edf0a3a50d2c9fc!4m10!1m2!2m1!1sexotic+snacks+sd!3m6!1s0x880ef9437826dc55:0xf74348fd179c3cc!8m2!3d41.7582955!4d-88.212336!15sChBleG90aWMgc25hY2tzIHNkkgERY29udmVuaWVuY2Vfc3RvcmXgAQA!16s%2Fg%2F11vyhkk2z0?entry=ttu",
Exotic Snacks SD,"1570 Garnet Ave, San Diego, CA 92109",Not found,exoticsnackssd.com ,"https://www.google.com/maps/place/Exotic+Snacks+SD/@32.7999296,-117.5461415,11z/data=!4m10!1m2!2m1!1sexotic+snacks+sd!3m6!1s0x80dc01316109e0f1:0xf6ce2792ba4ebff!8m2!3d32.7999296!4d-117.2412709!15sChBleG90aWMgc25hY2tzIHNkkgEQZGVsaXZlcnlfc2VydmljZeABAA!16s%2Fg%2F11y430wy7w?entry=ttu",
Exotic Snack City - Exotic Snacks & Drinks in Milwaukee,"4969 S 27th St Suite 2, Greenfield, WI 53221",Not found,exoticsnackcity.com ,"https://www.google.com/maps/place/Exotic+Snack+City+-+Exotic+Snacks+%26+Drinks+in+Milwaukee/@42.9543851,-88.254376,11z/data=!4m10!1m2!2m1!1sexotic+snacks+sd!3m6!1s0x880511138d9b4c93:0xca1767068542b18d!8m2!3d42.9543851!4d-87.9495054!15sChBleG90aWMgc25hY2tzIHNkWhIiEGV4b3RpYyBzbmFja3Mgc2SSAQVzdG9yZeABAA!16s%2Fg%2F11st2d7m02?entry=ttu",
Exotic Snacks MKE,"2334 N Farwell Ave, Milwaukee, WI 53211",(414) 210-2336 ,exoticsnacksmke.com ,"https://www.google.com/maps/place/Exotic+Snacks+MKE/@42.9543851,-88.254376,11z/data=!4m10!1m2!2m1!1sexotic+snacks+sd!3m6!1s0x8805195f1ab1a8bd:0x42a69d666430f6e5!8m2!3d43.0606653!4d-87.8842798!15sChBleG90aWMgc25hY2tzIHNkWhIiEGV4b3RpYyBzbmFja3Mgc2SSAQ1ncm9jZXJ5X3N0b3Jl4AEA!16s%2Fg%2F11kqxnv642?entry=ttu",
Exotic Snacks R us,"1085 E Golf Rd, Arlington Heights, IL 60005",(847) 258-5660 ,exoticsnacksrus.com ,"https://www.google.com/maps/place/Exotic+Snacks+R+us/@42.0497922,-88.2748117,11z/data=!4m10!1m2!2m1!1sexotic+snacks+sd!3m6!1s0x880fb1894891204d:0xdfcb5c4daace25cd!8m2!3d42.0497922!4d-87.9699411!15sChBleG90aWMgc25hY2tzIHNkkgERY29udmVuaWVuY2Vfc3RvcmXgAQA!16s%2Fg%2F11tt97mgsf?entry=ttu",
Exotic Snacks R Us,"7330 W Lawrence Ave, Harwood Heights, IL 60706",Not found,exoticsnacksrus.com ,"https://www.google.com/maps/place/Exotic+Snacks+R+Us/@41.967503,-88.1160396,11z/data=!4m10!1m2!2m1!1sexotic+snacks+sd!3m6!1s0x880fcbf808afb10d:0x54e49659230783bb!8m2!3d41.967503!4d-87.811169!15sChBleG90aWMgc25hY2tzIHNkkgERY29udmVuaWVuY2Vfc3RvcmXgAQA!16s%2Fg%2F11v5fncytv?entry=ttu",
Munchies Exotic Snacks & Soda,"244 Douglas Ave, Holland, MI 49424",(616) 635-4139 ,munchiesexoticsnackssoda.com ,"https://www.google.com/maps/place/Munchies+Exotic+Snacks+%26+Soda/@42.7996368,-86.4233374,11z/data=!4m10!1m2!2m1!1sexotic+snacks+sd!3m6!1s0x88198d8fb5d22053:0xfc19c8fe003b85fa!8m2!3d42.7996368!4d-86.1184668!15sChBleG90aWMgc25hY2tzIHNkkgERY29udmVuaWVuY2Vfc3RvcmXgAQA!16s%2Fg%2F11kj2dgds9?entry=ttu",
Exotic Snack Guys,"2305 N Milwaukee Ave, Chicago, IL 60647",(773) 614-7232 ,exoticsnackguysonline.com ,"https://www.google.com/maps/place/Exotic+Snack+Guys/@41.9232756,-88.9170814,9z/data=!4m10!1m2!2m1!1sexotic+snack+guys!3m6!1s0x880fcd8c558a59f1:0xaeca2dfa35cfb0d8!8m2!3d41.9232756!4d-87.697599!15sChFleG90aWMgc25hY2sgZ3V5c1oTIhFleG90aWMgc25hY2sgZ3V5c5IBEWNvbnZlbmllbmNlX3N0b3Jl4AEA!16s%2Fg%2F11l64tk9qr?entry=ttu",
Munchies Exotic Snacks & Soda,"244 Douglas Ave, Holland, MI 49424",(616) 635-4139 ,munchiesexoticsnackssoda.com ,"https://www.google.com/maps/place/Munchies+Exotic+Snacks+%26+Soda/@42.7996368,-87.3379492,9z/data=!4m10!1m2!2m1!1sexotic+snack+guys!3m6!1s0x88198d8fb5d22053:0xfc19c8fe003b85fa!8m2!3d42.7996368!4d-86.1184668!15sChFleG90aWMgc25hY2sgZ3V5c5IBEWNvbnZlbmllbmNlX3N0b3Jl4AEA!16s%2Fg%2F11kj2dgds9?entry=ttu",
Exotic Snack Guys,"2521 N Lincoln Ave, Chicago, IL 60614",(773) 904-7479 ,exoticsnackguys.com ,"https://www.google.com/maps/place/Exotic+Snack+Guys/@41.9277248,-88.8711907,9z/data=!4m10!1m2!2m1!1sexotic+snack+guys!3m6!1s0x880fd3de689ac9af:0x2428361d7f3afc55!8m2!3d41.9277248!4d-87.6517083!15sChFleG90aWMgc25hY2sgZ3V5c1oTIhFleG90aWMgc25hY2sgZ3V5c5IBEWNvbnZlbmllbmNlX3N0b3JlmgEjQ2haRFNVaE5NRzluUzBWSlEwRm5TVU5VZVhKTFVXWlJFQUXgAQA!16s%2Fg%2F11kk64jq8q?entry=ttu",
Exotic Snacks Distributors,"2240 Landmeier Rd, Elk Grove Village, IL 60007",(847) 258-3783 ,exoticsnacksrusdistro.com ,"https://www.google.com/maps/place/Exotic+Snacks+Distributors/@41.9239523,-88.8712016,9z/data=!4m10!1m2!2m1!1sexotic+snack+distribution!3m6!1s0x880fb12353d6d9b7:0x68ee7ef699dc8a10!8m2!3d42.0107151!4d-87.948616!15sChlleG90aWMgc25hY2sgZGlzdHJpYnV0aW9u4AEA!16s%2Fg%2F11vq542gsy?entry=ttu",
Exotic Snack Guys,"2305 N Milwaukee Ave, Chicago, IL 60647",(773) 614-7232 ,exoticsnackguysonline.com ,"https://www.google.com/maps/place/Exotic+Snack+Guys/@41.9239523,-88.8712016,9z/data=!4m10!1m2!2m1!1sexotic+snack+distribution!3m6!1s0x880fcd8c558a59f1:0xaeca2dfa35cfb0d8!8m2!3d41.9232756!4d-87.697599!15sChlleG90aWMgc25hY2sgZGlzdHJpYnV0aW9uWhsiGWV4b3RpYyBzbmFjayBkaXN0cmlidXRpb26SARFjb252ZW5pZW5jZV9zdG9yZeABAA!16s%2Fg%2F11l64tk9qr?entry=ttu",
Exotic Snack Guys,"2521 N Lincoln Ave, Chicago, IL 60614",(773) 904-7479 ,exoticsnackguys.com ,"https://www.google.com/maps/place/Exotic+Snack+Guys/@41.9239523,-88.8712016,9z/data=!4m10!1m2!2m1!1sexotic+snack+distribution!3m6!1s0x880fd3de689ac9af:0x2428361d7f3afc55!8m2!3d41.9277248!4d-87.6517083!15sChlleG90aWMgc25hY2sgZGlzdHJpYnV0aW9uWhsiGWV4b3RpYyBzbmFjayBkaXN0cmlidXRpb26SARFjb252ZW5pZW5jZV9zdG9yZeABAA!16s%2Fg%2F11kk64jq8q?entry=ttu",
Exotic Snacks R Us,"7330 W Lawrence Ave, Harwood Heights, IL 60706",Not found,exoticsnacksrus.com ,"https://www.google.com/maps/place/Exotic+Snacks+R+Us/@41.9239523,-88.8712016,9z/data=!4m10!1m2!2m1!1sexotic+snack+distribution!3m6!1s0x880fcbf808afb10d:0x54e49659230783bb!8m2!3d41.967503!4d-87.811169!15sChlleG90aWMgc25hY2sgZGlzdHJpYnV0aW9ukgERY29udmVuaWVuY2Vfc3RvcmXgAQA!16s%2Fg%2F11v5fncytv?entry=ttu",
Exotic Snack City - Exotic Snacks & Drinks in Milwaukee,"4969 S 27th St Suite 2, Greenfield, WI 53221",Not found,exoticsnackcity.com ,"https://www.google.com/maps/place/Exotic+Snack+City+-+Exotic+Snacks+%26+Drinks+in+Milwaukee/@42.9543851,-89.1689878,9z/data=!4m10!1m2!2m1!1sexotic+snack+distribution!3m6!1s0x880511138d9b4c93:0xca1767068542b18d!8m2!3d42.9543851!4d-87.9495054!15sChlleG90aWMgc25hY2sgZGlzdHJpYnV0aW9uWhsiGWV4b3RpYyBzbmFjayBkaXN0cmlidXRpb26SAQVzdG9yZeABAA!16s%2Fg%2F11st2d7m02?entry=ttu",
Exotic Snacks R us,"1085 E Golf Rd, Arlington Heights, IL 60005",(847) 258-5660 ,exoticsnacksrus.com ,"https://www.google.com/maps/place/Exotic+Snacks+R+us/@42.0497922,-89.1894235,9z/data=!4m10!1m2!2m1!1sexotic+snack+distribution!3m6!1s0x880fb1894891204d:0xdfcb5c4daace25cd!8m2!3d42.0497922!4d-87.9699411!15sChlleG90aWMgc25hY2sgZGlzdHJpYnV0aW9ukgERY29udmVuaWVuY2Vfc3RvcmXgAQA!16s%2Fg%2F11tt97mgsf?entry=ttu",
Exotic Snack Guys,"122 Hawthorn Ctr #120, Vernon Hills, IL 60061",Not found,exoticsnackguys.com ,"https://www.google.com/maps/place/Exotic+Snack+Guys/@42.0001502,-88.2616641,10z/data=!3m1!5s0x880f966964f9863d:0x7edf0a3a1c3cd42c!4m10!1m2!2m1!1sexotic+snack+guys!3m6!1s0x880f9734e3a4b7c9:0x1252746fd1dc306!8m2!3d42.2429479!4d-87.9503694!15sChFleG90aWMgc25hY2sgZ3V5c1oTIhFleG90aWMgc25hY2sgZ3V5c5IBEWNvbnZlbmllbmNlX3N0b3Jl4AEA!16s%2Fg%2F11vr4zgm1m?entry=ttu",
Exotic Snack Guys,"195 Fox Valley Center Dr Unit c16, Aurora, IL 60504",(773) 614-7232 ,exoticsnackguysonline.com ,"https://www.google.com/maps/place/Exotic+Snack+Guys/@41.7582955,-88.8220772,10z/data=!3m1!5s0x880ef9ce75ac321f:0x7edf0a3a50d2c9fc!4m10!1m2!2m1!1sexotic+snack+guys!3m6!1s0x880ef9437826dc55:0xf74348fd179c3cc!8m2!3d41.7582955!4d-88.212336!15sChFleG90aWMgc25hY2sgZ3V5c5IBEWNvbnZlbmllbmNlX3N0b3Jl4AEA!16s%2Fg%2F11vyhkk2z0?entry=ttu",
Exotic Snack Guys,"2305 N Milwaukee Ave, Chicago, IL 60647",(773) 614-7232 ,exoticsnackguysonline.com ,"https://www.google.com/maps/place/Exotic+Snack+Guys/@41.9232756,-88.3073402,10z/data=!4m10!1m2!2m1!1sexotic+snack+guys!3m6!1s0x880fcd8c558a59f1:0xaeca2dfa35cfb0d8!8m2!3d41.9232756!4d-87.697599!15sChFleG90aWMgc25hY2sgZ3V5c1oTIhFleG90aWMgc25hY2sgZ3V5c5IBEWNvbnZlbmllbmNlX3N0b3Jl4AEA!16s%2Fg%2F11l64tk9qr?entry=ttu",
Exotic Snack Guys,"2521 N Lincoln Ave, Chicago, IL 60614",(773) 904-7479 ,exoticsnackguys.com ,"https://www.google.com/maps/place/Exotic+Snack+Guys/@41.9232756,-88.3073402,10z/data=!4m10!1m2!2m1!1sexotic+snack+guys!3m6!1s0x880fd3de689ac9af:0x2428361d7f3afc55!8m2!3d41.9277248!4d-87.6517083!15sChFleG90aWMgc25hY2sgZ3V5c1oTIhFleG90aWMgc25hY2sgZ3V5c5IBEWNvbnZlbmllbmNlX3N0b3Jl4AEA!16s%2Fg%2F11kk64jq8q?entry=ttu",
Exotic Snack City - Exotic Snacks & Drinks in Milwaukee,"4969 S 27th St Suite 2, Greenfield, WI 53221",Not found,exoticsnackcity.com ,"https://www.google.com/maps/place/Exotic+Snack+City+-+Exotic+Snacks+%26+Drinks+in+Milwaukee/@42.9543851,-89.1689878,9z/data=!4m10!1m2!2m1!1sexotic+snack+city!3m6!1s0x880511138d9b4c93:0xca1767068542b18d!8m2!3d42.9543851!4d-87.9495054!15sChFleG90aWMgc25hY2sgY2l0eVoTIhFleG90aWMgc25hY2sgY2l0eZIBBXN0b3JlmgEkQ2hkRFNVaE5NRzluUzBWSlEwRm5TVVJhZDBwZmMzQlJSUkFC4AEA!16s%2Fg%2F11st2d7m02?entry=ttu",
Exotic Snacks R us,"1085 E Golf Rd, Arlington Heights, IL 60005",(847) 258-5660 ,exoticsnacksrus.com ,"https://www.google.com/maps/place/Exotic+Snacks+R+us/@42.0497922,-89.1894235,9z/data=!4m10!1m2!2m1!1sexotic+snack+city!3m6!1s0x880fb1894891204d:0xdfcb5c4daace25cd!8m2!3d42.0497922!4d-87.9699411!15sChFleG90aWMgc25hY2sgY2l0eVoTIhFleG90aWMgc25hY2sgY2l0eZIBEWNvbnZlbmllbmNlX3N0b3JlmgEkQ2hkRFNVaE5NRzluUzBWSlEwRm5TVU40TTA4M01tMTNSUkFC4AEA!16s%2Fg%2F11tt97mgsf?entry=ttu",
Exotic Snack Guys,"2521 N Lincoln Ave, Chicago, IL 60614",(773) 904-7479 ,exoticsnackguys.com ,"https://www.google.com/maps/place/Exotic+Snack+Guys/@42.0497922,-89.1894235,9z/data=!4m10!1m2!2m1!1sexotic+snack+city!3m6!1s0x880fd3de689ac9af:0x2428361d7f3afc55!8m2!3d41.9277248!4d-87.6517083!15sChFleG90aWMgc25hY2sgY2l0eVoTIhFleG90aWMgc25hY2sgY2l0eZIBEWNvbnZlbmllbmNlX3N0b3JlmgEkQ2hkRFNVaE5NRzluUzBWSlEwRm5TVVI0ZGpoaVRtMW5SUkFC4AEA!16s%2Fg%2F11kk64jq8q?entry=ttu",
Exotic Snack Guys,"2305 N Milwaukee Ave, Chicago, IL 60647",(773) 614-7232 ,exoticsnackguysonline.com ,"https://www.google.com/maps/place/Exotic+Snack+Guys/@42.0497922,-89.1894235,9z/data=!4m10!1m2!2m1!1sexotic+snack+city!3m6!1s0x880fcd8c558a59f1:0xaeca2dfa35cfb0d8!8m2!3d41.9232756!4d-87.697599!15sChFleG90aWMgc25hY2sgY2l0eVoTIhFleG90aWMgc25hY2sgY2l0eZIBEWNvbnZlbmllbmNlX3N0b3Jl4AEA!16s%2Fg%2F11l64tk9qr?entry=ttu",
Exotic Snacks R Us,"7330 W Lawrence Ave, Harwood Heights, IL 60706",Not found,exoticsnacksrus.com ,"https://www.google.com/maps/place/Exotic+Snacks+R+Us/@42.0497922,-89.1894235,9z/data=!4m10!1m2!2m1!1sexotic+snack+city!3m6!1s0x880fcbf808afb10d:0x54e49659230783bb!8m2!3d41.967503!4d-87.811169!15sChFleG90aWMgc25hY2sgY2l0eZIBEWNvbnZlbmllbmNlX3N0b3Jl4AEA!16s%2Fg%2F11v5fncytv?entry=ttu",
Exotic Snacks R us,"1085 E Golf Rd, Arlington Heights, IL 60005",(847) 258-5660 ,exoticsnacksrus.com ,"https://www.google.com/maps/place/Exotic+Snacks+R+us/@42.0497922,-89.1894235,9z/data=!4m10!1m2!2m1!1sexotic+snack+hub!3m6!1s0x880fb1894891204d:0xdfcb5c4daace25cd!8m2!3d42.0497922!4d-87.9699411!15sChBleG90aWMgc25hY2sgaHVikgERY29udmVuaWVuY2Vfc3RvcmXgAQA!16s%2Fg%2F11tt97mgsf?entry=ttu",
Exotic Snacks Distributors,"2240 Landmeier Rd, Elk Grove Village, IL 60007",(847) 258-3783 ,exoticsnacksrusdistro.com ,"https://www.google.com/maps/place/Exotic+Snacks+Distributors/@42.0497922,-89.1894235,9z/data=!4m10!1m2!2m1!1sexotic+snack+hub!3m6!1s0x880fb12353d6d9b7:0x68ee7ef699dc8a10!8m2!3d42.0107151!4d-87.948616!15sChBleG90aWMgc25hY2sgaHVi4AEA!16s%2Fg%2F11vq542gsy?entry=ttu",
Exotic Snack Guys,"195 Fox Valley Center Dr Unit c16, Aurora, IL 60504",(773) 614-7232 ,exoticsnackguysonline.com ,"https://www.google.com/maps/place/Exotic+Snack+Guys/@42.0497922,-89.1894235,9z/data=!3m1!5s0x880ef9ce75ac321f:0x7edf0a3a50d2c9fc!4m10!1m2!2m1!1sexotic+snack+hub!3m6!1s0x880ef9437826dc55:0xf74348fd179c3cc!8m2!3d41.7582955!4d-88.212336!15sChBleG90aWMgc25hY2sgaHVikgERY29udmVuaWVuY2Vfc3RvcmXgAQA!16s%2Fg%2F11vyhkk2z0?entry=ttu",
Exotic Snack Guys,"2305 N Milwaukee Ave, Chicago, IL 60647",(773) 614-7232 ,exoticsnackguysonline.com ,"https://www.google.com/maps/place/Exotic+Snack+Guys/@42.0497922,-89.1894235,9z/data=!4m10!1m2!2m1!1sexotic+snack+hub!3m6!1s0x880fcd8c558a59f1:0xaeca2dfa35cfb0d8!8m2!3d41.9232756!4d-87.697599!15sChBleG90aWMgc25hY2sgaHViWhIiEGV4b3RpYyBzbmFjayBodWKSARFjb252ZW5pZW5jZV9zdG9yZeABAA!16s%2Fg%2F11l64tk9qr?entry=ttu",
Exotic Snack Guys,"2521 N Lincoln Ave, Chicago, IL 60614",(773) 904-7479 ,exoticsnackguys.com ,"https://www.google.com/maps/place/Exotic+Snack+Guys/@42.0497922,-89.1894235,9z/data=!4m10!1m2!2m1!1sexotic+snack+hub!3m6!1s0x880fd3de689ac9af:0x2428361d7f3afc55!8m2!3d41.9277248!4d-87.6517083!15sChBleG90aWMgc25hY2sgaHViWhIiEGV4b3RpYyBzbmFjayBodWKSARFjb252ZW5pZW5jZV9zdG9yZeABAA!16s%2Fg%2F11kk64jq8q?entry=ttu",
Exotic Snack Guys,"122 Hawthorn Ctr #120, Vernon Hills, IL 60061",Not found,exoticsnackguys.com ,"https://www.google.com/maps/place/Exotic+Snack+Guys/@42.0497922,-89.1894235,9z/data=!3m1!5s0x880f966964f9863d:0x7edf0a3a1c3cd42c!4m10!1m2!2m1!1sexotic+snack+hub!3m6!1s0x880f9734e3a4b7c9:0x1252746fd1dc306!8m2!3d42.2429479!4d-87.9503694!15sChBleG90aWMgc25hY2sgaHViWhIiEGV4b3RpYyBzbmFjayBodWKSARFjb252ZW5pZW5jZV9zdG9yZeABAA!16s%2Fg%2F11vr4zgm1m?entry=ttu",
Exotic Snacks MKE,"2334 N Farwell Ave, Milwaukee, WI 53211",(414) 210-2336 ,exoticsnacksmke.com ,"https://www.google.com/maps/place/Exotic+Snacks+MKE/@43.0606653,-89.1037622,9z/data=!4m10!1m2!2m1!1sexotic+snack+hub!3m6!1s0x8805195f1ab1a8bd:0x42a69d666430f6e5!8m2!3d43.0606653!4d-87.8842798!15sChBleG90aWMgc25hY2sgaHViWhIiEGV4b3RpYyBzbmFjayBodWKSAQ1ncm9jZXJ5X3N0b3Jl4AEA!16s%2Fg%2F11kqxnv642?entry=ttu",
Exotic Snacks R Us,"7330 W Lawrence Ave, Harwood Heights, IL 60706",Not found,exoticsnacksrus.com ,"https://www.google.com/maps/place/Exotic+Snacks+R+Us/@41.967503,-89.0306514,9z/data=!4m10!1m2!2m1!1sexotic+snack+hub!3m6!1s0x880fcbf808afb10d:0x54e49659230783bb!8m2!3d41.967503!4d-87.811169!15sChBleG90aWMgc25hY2sgaHVikgERY29udmVuaWVuY2Vfc3RvcmXgAQA!16s%2Fg%2F11v5fncytv?entry=ttu",
Exotic Snack City - Exotic Snacks & Drinks in Milwaukee,"4969 S 27th St Suite 2, Greenfield, WI 53221",Not found,exoticsnackcity.com ,"https://www.google.com/maps/place/Exotic+Snack+City+-+Exotic+Snacks+%26+Drinks+in+Milwaukee/@42.9543851,-89.1689878,9z/data=!4m10!1m2!2m1!1sexotic+snack+hub!3m6!1s0x880511138d9b4c93:0xca1767068542b18d!8m2!3d42.9543851!4d-87.9495054!15sChBleG90aWMgc25hY2sgaHViWhIiEGV4b3RpYyBzbmFjayBodWKSAQVzdG9yZeABAA!16s%2Fg%2F11st2d7m02?entry=ttu",
Exotic Snack Guys,"66 W Towne Mall Unit B-01, Madison, WI 53719",(608) 820-1110 ,exoticsnackguys.com ,"https://www.google.com/maps/place/Exotic+Snack+Guys/@42.5033306,-90.2701879,9z/data=!4m10!1m2!2m1!1sorder+exotic+snacks!3m6!1s0x8807af696e7fec09:0xc0199c1b2c7da015!8m2!3d43.0571737!4d-89.505857!15sChNvcmRlciBleG90aWMgc25hY2tzIgO4AQFaCCIGc25hY2tzkgERY29udmVuaWVuY2Vfc3RvcmXgAQA!16s%2Fg%2F11vxjdr6h0?entry=ttu",
Exotic Snack Guys,"122 Hawthorn Ctr #120, Vernon Hills, IL 60061",Not found,exoticsnackguys.com ,"https://www.google.com/maps/place/Exotic+Snack+Guys/@42.9802651,-89.1324529,9z/data=!3m1!5s0x880f966964f9863d:0x7edf0a3a1c3cd42c!4m10!1m2!2m1!1sexotic+snack+hub!3m6!1s0x880f9734e3a4b7c9:0x1252746fd1dc306!8m2!3d42.2429479!4d-87.9503694!15sChBleG90aWMgc25hY2sgaHViWhIiEGV4b3RpYyBzbmFjayBodWKSARFjb252ZW5pZW5jZV9zdG9yZeABAA!16s%2Fg%2F11vr4zgm1m?entry=ttu",
Exotic Snack Guys,"66 W Towne Mall Unit B-01, Madison, WI 53719",(608) 820-1110 ,exoticsnackguys.com ,"https://www.google.com/maps/place/Exotic+Snack+Guys/@43.0571737,-90.7253394,9z/data=!4m10!1m2!2m1!1sexotic+snack+hub!3m6!1s0x8807af696e7fec09:0xc0199c1b2c7da015!8m2!3d43.0571737!4d-89.505857!15sChBleG90aWMgc25hY2sgaHViWhIiEGV4b3RpYyBzbmFjayBodWKSARFjb252ZW5pZW5jZV9zdG9yZeABAA!16s%2Fg%2F11vxjdr6h0?entry=ttu",
Exotic Snack Guys,"2305 N Milwaukee Ave, Chicago, IL 60647",(773) 614-7232 ,exoticsnackguysonline.com ,"https://www.google.com/maps/place/Exotic+Snack+Guys/@41.967503,-89.0306514,9z/data=!4m10!1m2!2m1!1sexotic+snack+hub!3m6!1s0x880fcd8c558a59f1:0xaeca2dfa35cfb0d8!8m2!3d41.9232756!4d-87.697599!15sChBleG90aWMgc25hY2sgaHViWhIiEGV4b3RpYyBzbmFjayBodWKSARFjb252ZW5pZW5jZV9zdG9yZeABAA!16s%2Fg%2F11l64tk9qr?entry=ttu",
Exotic Snacks MKE,"2334 N Farwell Ave, Milwaukee, WI 53211",(414) 210-2336 ,exoticsnacksmke.com ,"https://www.google.com/maps/place/Exotic+Snacks+MKE/@43.0400578,-89.1586767,9z/data=!4m10!1m2!2m1!1sexotic+snack+hub!3m6!1s0x8805195f1ab1a8bd:0x42a69d666430f6e5!8m2!3d43.0606653!4d-87.8842798!15sChBleG90aWMgc25hY2sgaHViWhIiEGV4b3RpYyBzbmFjayBodWKSAQ1ncm9jZXJ5X3N0b3Jl4AEA!16s%2Fg%2F11kqxnv642?entry=ttu",
Exotic Snack Guys,"5300 S 76th St Ste. 1700, Greendale, WI 53129",(414) 235-3503 ,exoticsnackguys.com ,"https://www.google.com/maps/place/Exotic+Snack+Guys/@43.0756393,-89.2263885,9z/data=!3m1!5s0x880511dc86941103:0xfee05e2aab8c46a0!4m10!1m2!2m1!1sexotic+snack+hub!3m6!1s0x8805114ced4789c9:0x7d1d9b9dbd785366!8m2!3d42.9483773!4d-88.0042003!15sChBleG90aWMgc25hY2sgaHViWhIiEGV4b3RpYyBzbmFjayBodWKSARFjb252ZW5pZW5jZV9zdG9yZeABAA!16s%2Fg%2F11y2t3kzxz?entry=ttu",
Exotic Snacks Distributors,"2240 Landmeier Rd, Elk Grove Village, IL 60007",(847) 258-3783 ,exoticsnacksrusdistro.com ,"https://www.google.com/maps/place/Exotic+Snacks+Distributors/@42.0107151,-89.1680984,9z/data=!4m10!1m2!2m1!1sexotic+snack+hub!3m6!1s0x880fb12353d6d9b7:0x68ee7ef699dc8a10!8m2!3d42.0107151!4d-87.948616!15sChBleG90aWMgc25hY2sgaHVi4AEA!16s%2Fg%2F11vq542gsy?entry=ttu",
Exotic Snack Guys,"2521 N Lincoln Ave, Chicago, IL 60614",(773) 904-7479 ,exoticsnackguys.com ,"https://www.google.com/maps/place/Exotic+Snack+Guys/@42.0107151,-89.1680984,9z/data=!4m10!1m2!2m1!1sexotic+snack+hub!3m6!1s0x880fd3de689ac9af:0x2428361d7f3afc55!8m2!3d41.9277248!4d-87.6517083!15sChBleG90aWMgc25hY2sgaHViWhIiEGV4b3RpYyBzbmFjayBodWKSARFjb252ZW5pZW5jZV9zdG9yZeABAA!16s%2Fg%2F11kk64jq8q?entry=ttu",
Exotic Snacks MKE,"2334 N Farwell Ave, Milwaukee, WI 53211",(414) 210-2336 ,exoticsnacksmke.com ,"https://www.google.com/maps/place/Exotic+Snacks+MKE/@43.0606653,-89.1037622,9z/data=!4m10!1m2!2m1!1sthe+exotic+snack+spot!3m6!1s0x8805195f1ab1a8bd:0x42a69d666430f6e5!8m2!3d43.0606653!4d-87.8842798!15sChV0aGUgZXhvdGljIHNuYWNrIHNwb3RaFyIVdGhlIGV4b3RpYyBzbmFjayBzcG90kgENZ3JvY2VyeV9zdG9yZeABAA!16s%2Fg%2F11kqxnv642?entry=ttu",
Exotic Snack Guys,"2521 N Lincoln Ave, Chicago, IL 60614",(773) 904-7479 ,exoticsnackguys.com ,"https://www.google.com/maps/place/Exotic+Snack+Guys/@41.9277248,-88.8711907,9z/data=!4m10!1m2!2m1!1sthe+exotic+snack+spot!3m6!1s0x880fd3de689ac9af:0x2428361d7f3afc55!8m2!3d41.9277248!4d-87.6517083!15sChV0aGUgZXhvdGljIHNuYWNrIHNwb3RaFyIVdGhlIGV4b3RpYyBzbmFjayBzcG90kgERY29udmVuaWVuY2Vfc3RvcmWaASNDaFpEU1VoTk1HOW5TMFZKUTBGblNVTkthMDh6ZEV0UkVBReABAA!16s%2Fg%2F11kk64jq8q?entry=ttu",
Exotic Snack Guys,"2305 N Milwaukee Ave, Chicago, IL 60647",(773) 614-7232 ,exoticsnackguysonline.com ,"https://www.google.com/maps/place/Exotic+Snack+Guys/@41.9232756,-88.9170814,9z/data=!4m10!1m2!2m1!1sthe+exotic+snack+spot!3m6!1s0x880fcd8c558a59f1:0xaeca2dfa35cfb0d8!8m2!3d41.9232756!4d-87.697599!15sChV0aGUgZXhvdGljIHNuYWNrIHNwb3RaFyIVdGhlIGV4b3RpYyBzbmFjayBzcG90kgERY29udmVuaWVuY2Vfc3RvcmWaASRDaGREU1VoTk1HOW5TMFZKUTBGblNVTlVlWEoyWldkblJSQULgAQA!16s%2Fg%2F11l64tk9qr?entry=ttu",
Exotic Snack City - Exotic Snacks & Drinks in Milwaukee,"4969 S 27th St Suite 2, Greenfield, WI 53221",Not found,exoticsnackcity.com ,"https://www.google.com/maps/place/Exotic+Snack+City+-+Exotic+Snacks+%26+Drinks+in+Milwaukee/@42.9543851,-89.1689878,9z/data=!4m10!1m2!2m1!1sthe+exotic+snack+spot!3m6!1s0x880511138d9b4c93:0xca1767068542b18d!8m2!3d42.9543851!4d-87.9495054!15sChV0aGUgZXhvdGljIHNuYWNrIHNwb3RaFyIVdGhlIGV4b3RpYyBzbmFjayBzcG90kgEFc3RvcmWaASNDaFpEU1VoTk1HOW5TMFZKUTBGblNVUkdjMkkyTFVWUkVBReABAA!16s%2Fg%2F11st2d7m02?entry=ttu",
Exotic Snack Guys,"2305 N Milwaukee Ave, Chicago, IL 60647",(773) 614-7232 ,exoticsnackguysonline.com ,"https://www.google.com/maps/place/Exotic+Snack+Guys/@41.9232756,-87.7357078,14z/data=!4m10!1m2!2m1!1sexotic+snack+guys+online!3m6!1s0x880fcd8c558a59f1:0xaeca2dfa35cfb0d8!8m2!3d41.9232756!4d-87.697599!15sChhleG90aWMgc25hY2sgZ3V5cyBvbmxpbmVaGiIYZXhvdGljIHNuYWNrIGd1eXMgb25saW5lkgERY29udmVuaWVuY2Vfc3RvcmXgAQA!16s%2Fg%2F11l64tk9qr?entry=ttu",
Exotic Snack Guys,"2521 N Lincoln Ave, Chicago, IL 60614",(773) 904-7479 ,exoticsnackguys.com ,"https://www.google.com/maps/place/Exotic+Snack+Guys/@41.9277248,-87.6898171,14z/data=!4m10!1m2!2m1!1sexotic+snack+guys+online!3m6!1s0x880fd3de689ac9af:0x2428361d7f3afc55!8m2!3d41.9277248!4d-87.6517083!15sChhleG90aWMgc25hY2sgZ3V5cyBvbmxpbmVaGiIYZXhvdGljIHNuYWNrIGd1eXMgb25saW5lkgERY29udmVuaWVuY2Vfc3RvcmXgAQA!16s%2Fg%2F11kk64jq8q?entry=ttu",
Exotic Snack Guys,"2521 N Lincoln Ave, Chicago, IL 60614",(773) 904-7479 ,exoticsnackguys.com ,"https://www.google.com/maps/place/Exotic+Snack+Guys/@41.9277211,-87.6898171,14z/data=!4m10!1m2!2m1!1sdmv+exotic+snack!3m6!1s0x880fd3de689ac9af:0x2428361d7f3afc55!8m2!3d41.9277248!4d-87.6517083!15sChBkbXYgZXhvdGljIHNuYWNrWhIiEGRtdiBleG90aWMgc25hY2uSARFjb252ZW5pZW5jZV9zdG9yZeABAA!16s%2Fg%2F11kk64jq8q?entry=ttu",
Exotic Snacks R Us,"7330 W Lawrence Ave, Harwood Heights, IL 60706",Not found,exoticsnacksrus.com ,"https://www.google.com/maps/place/Exotic+Snacks+R+Us/@41.967503,-87.8492778,14z/data=!4m10!1m2!2m1!1sdmv+exotic+snack!3m6!1s0x880fcbf808afb10d:0x54e49659230783bb!8m2!3d41.967503!4d-87.811169!15sChBkbXYgZXhvdGljIHNuYWNrkgERY29udmVuaWVuY2Vfc3RvcmXgAQA!16s%2Fg%2F11v5fncytv?entry=ttu",
Exotic Snacks R us,"1085 E Golf Rd, Arlington Heights, IL 60005",(847) 258-5660 ,exoticsnacksrus.com ,"https://www.google.com/maps/place/Exotic+Snacks+R+us/@42.0497922,-88.0080499,14z/data=!4m10!1m2!2m1!1sdmv+exotic+snack!3m6!1s0x880fb1894891204d:0xdfcb5c4daace25cd!8m2!3d42.0497922!4d-87.9699411!15sChBkbXYgZXhvdGljIHNuYWNrkgERY29udmVuaWVuY2Vfc3RvcmXgAQA!16s%2Fg%2F11tt97mgsf?entry=ttu",
Exotic Snack Guys,"195 Fox Valley Center Dr Unit c16, Aurora, IL 60504",(773) 614-7232 ,exoticsnackguysonline.com ,"https://www.google.com/maps/place/Exotic+Snack+Guys/@41.7582955,-88.2504448,14z/data=!3m1!5s0x880ef9ce75ac321f:0x7edf0a3a50d2c9fc!4m10!1m2!2m1!1sexotic+snack+shop!3m6!1s0x880ef9437826dc55:0xf74348fd179c3cc!8m2!3d41.7582955!4d-88.212336!15sChFleG90aWMgc25hY2sgc2hvcCIDiAEBkgERY29udmVuaWVuY2Vfc3RvcmXgAQA!16s%2Fg%2F11vyhkk2z0?entry=ttu",
Exotic Snack Guys,"2305 N Milwaukee Ave, Chicago, IL 60647",(773) 614-7232 ,exoticsnackguysonline.com ,"https://www.google.com/maps/place/Exotic+Snack+Guys/@41.9232756,-87.7357078,14z/data=!4m10!1m2!2m1!1sexotic+snack+shop!3m6!1s0x880fcd8c558a59f1:0xaeca2dfa35cfb0d8!8m2!3d41.9232756!4d-87.697599!15sChFleG90aWMgc25hY2sgc2hvcCIDiAEBWhMiEWV4b3RpYyBzbmFjayBzaG9wkgERY29udmVuaWVuY2Vfc3RvcmXgAQA!16s%2Fg%2F11l64tk9qr?entry=ttu",
Exotic Snacks R us,"1085 E Golf Rd, Arlington Heights, IL 60005",(847) 258-5660 ,exoticsnacksrus.com ,"https://www.google.com/maps/place/Exotic+Snacks+R+us/@42.0497922,-88.0080499,14z/data=!4m10!1m2!2m1!1sexotic+snack+shop!3m6!1s0x880fb1894891204d:0xdfcb5c4daace25cd!8m2!3d42.0497922!4d-87.9699411!15sChFleG90aWMgc25hY2sgc2hvcCIDiAEBkgERY29udmVuaWVuY2Vfc3RvcmXgAQA!16s%2Fg%2F11tt97mgsf?entry=ttu",
Exotic Snack Guys,"2521 N Lincoln Ave, Chicago, IL 60614",(773) 904-7479 ,exoticsnackguys.com ,"https://www.google.com/maps/place/Exotic+Snack+Guys/@41.9277248,-87.6898171,14z/data=!4m10!1m2!2m1!1sexotic+snack+shop!3m6!1s0x880fd3de689ac9af:0x2428361d7f3afc55!8m2!3d41.9277248!4d-87.6517083!15sChFleG90aWMgc25hY2sgc2hvcCIDiAEBWhMiEWV4b3RpYyBzbmFjayBzaG9wkgERY29udmVuaWVuY2Vfc3RvcmXgAQA!16s%2Fg%2F11kk64jq8q?entry=ttu",
Exotic Snack Guys,"122 Hawthorn Ctr #120, Vernon Hills, IL 60061",Not found,exoticsnackguys.com ,"https://www.google.com/maps/place/Exotic+Snack+Guys/@42.2429479,-87.9884782,14z/data=!3m1!5s0x880f966964f9863d:0x7edf0a3a1c3cd42c!4m10!1m2!2m1!1sexotic+snack+shop!3m6!1s0x880f9734e3a4b7c9:0x1252746fd1dc306!8m2!3d42.2429479!4d-87.9503694!15sChFleG90aWMgc25hY2sgc2hvcCIDiAEBWhMiEWV4b3RpYyBzbmFjayBzaG9wkgERY29udmVuaWVuY2Vfc3RvcmXgAQA!16s%2Fg%2F11vr4zgm1m?entry=ttu",
Exotic Snack City - Exotic Snacks & Drinks in Milwaukee,"4969 S 27th St Suite 2, Greenfield, WI 53221",Not found,exoticsnackcity.com ,"https://www.google.com/maps/place/Exotic+Snack+City+-+Exotic+Snacks+%26+Drinks+in+Milwaukee/@42.9543851,-87.9876142,14z/data=!4m10!1m2!2m1!1sexotic+snack+shop!3m6!1s0x880511138d9b4c93:0xca1767068542b18d!8m2!3d42.9543851!4d-87.9495054!15sChFleG90aWMgc25hY2sgc2hvcCIDiAEBWhMiEWV4b3RpYyBzbmFjayBzaG9wkgEFc3RvcmXgAQA!16s%2Fg%2F11st2d7m02?entry=ttu",
Exotic Snacks R Us,"7330 W Lawrence Ave, Harwood Heights, IL 60706",Not found,exoticsnacksrus.com ,"https://www.google.com/maps/place/Exotic+Snacks+R+Us/@41.967503,-87.8492778,14z/data=!4m10!1m2!2m1!1sexotic+snack+shop!3m6!1s0x880fcbf808afb10d:0x54e49659230783bb!8m2!3d41.967503!4d-87.811169!15sChFleG90aWMgc25hY2sgc2hvcCIDiAEBkgERY29udmVuaWVuY2Vfc3RvcmXgAQA!16s%2Fg%2F11v5fncytv?entry=ttu",
